Workbook

Sheet Calculos y Secuencia
A1: SIMULACION DIGITAL - CONGRUENCIAL LINEAL MIXTO
A3: Diagnostico de Periodo: Periodo Completo Garantizado por Hull-Dobell (N = 32).
A5: PARAMETROS Y VARIABLES DE ENTRADA
A6: Variable | B6: Denominacion | C6: Valor | D6: Descripcion y Dominio
A7: X0 | B7: Semilla Inicial | C7: 7 | D7: 0 <= X0 < m
A8: a | B8: Multiplicador | C8: 5 | D8: 1 < a < m (Hull-Dobell: todo primo divide a-1, 4 divide a-1)
A9: c | B9: Incremento / Aditivo | C9: 3 | D9: 1 <= c < m (Hull-Dobell: mcd(c,m)=1)
A10: m | B10: Modulo | C10: 32 | D10: m > X0, a, c. Factores primos: [2]
A11: n | B11: Cantidad a Generar | C11: 20 | D11: Total de numeros solicitados
A14: TABLA DE CALCULOS ITERATIVOS Y VALORES GENERADOS (formulas nativas de Excel)
A15: i | B15: X_i | C15: (a x X_i + c) | D15: X_{i+1} = (aX_i+c) mod m | E15: R_i = X_i / m
A16: 1 | B16: =$C$7 | C16: =$C$8*B16+$C$9 | D16: =MOD(C16,$C$10) | E16: =B16/$C$10
A17: 2 | B17: =D16 | C17: =$C$8*B17+$C$9 | D17: =MOD(C17,$C$10) | E17: =B17/$C$10
A18: 3 | B18: =D17 | C18: =$C$8*B18+$C$9 | D18: =MOD(C18,$C$10) | E18: =B18/$C$10
A19: 4 | B19: =D18 | C19: =$C$8*B19+$C$9 | D19: =MOD(C19,$C$10) | E19: =B19/$C$10
A20: 5 | B20: =D19 | C20: =$C$8*B20+$C$9 | D20: =MOD(C20,$C$10) | E20: =B20/$C$10
A21: 6 | B21: =D20 | C21: =$C$8*B21+$C$9 | D21: =MOD(C21,$C$10) | E21: =B21/$C$10
A22: 7 | B22: =D21 | C22: =$C$8*B22+$C$9 | D22: =MOD(C22,$C$10) | E22: =B22/$C$10
A23: 8 | B23: =D22 | C23: =$C$8*B23+$C$9 | D23: =MOD(C23,$C$10) | E23: =B23/$C$10
A24: 9 | B24: =D23 | C24: =$C$8*B24+$C$9 | D24: =MOD(C24,$C$10) | E24: =B24/$C$10
A25: 10 | B25: =D24 | C25: =$C$8*B25+$C$9 | D25: =MOD(C25,$C$10) | E25: =B25/$C$10
A26: 11 | B26: =D25 | C26: =$C$8*B26+$C$9 | D26: =MOD(C26,$C$10) | E26: =B26/$C$10
A27: 12 | B27: =D26 | C27: =$C$8*B27+$C$9 | D27: =MOD(C27,$C$10) | E27: =B27/$C$10
A28: 13 | B28: =D27 | C28: =$C$8*B28+$C$9 | D28: =MOD(C28,$C$10) | E28: =B28/$C$10
... A35: 20 | B35: =D34 | C35: =$C$8*B35+$C$9 | D35: =MOD(C35,$C$10) | E35: =B35/$C$10

Sheet Grafica de Independencia
A1: ANALISIS DE INDEPENDENCIA (RETARDO LAG-1) - CONGRUENCIAL LINEAL MIXTO
A4: PARES DE RETARDO (R_i vs R_{i+1}) - enlazados a la hoja de calculos
A5: R_i (Eje X) | B5: R_{i+1} (Eje Y)
A6: ='Calculos y Secuencia'!E16 | B6: ='Calculos y Secuencia'!E17
A7: ='Calculos y Secuencia'!E17 | B7: ='Calculos y Secuencia'!E18
A8: ='Calculos y Secuencia'!E18 | B8: ='Calculos y Secuencia'!E19
A9: ='Calculos y Secuencia'!E19 | B9: ='Calculos y Secuencia'!E20
A10: ='Calculos y Secuencia'!E20 | B10: ='Calculos y Secuencia'!E21
A11: ='Calculos y Secuencia'!E21 | B11: ='Calculos y Secuencia'!E22
A12: ='Calculos y Secuencia'!E22 | B12: ='Calculos y Secuencia'!E23
A13: ='Calculos y Secuencia'!E23 | B13: ='Calculos y Secuencia'!E24
A14: ='Calculos y Secuencia'!E24 | B14: ='Calculos y Secuencia'!E25
A15: ='Calculos y Secuencia'!E25 | B15: ='Calculos y Secuencia'!E26
A16: ='Calculos y Secuencia'!E26 | B16: ='Calculos y Secuencia'!E27
A17: ='Calculos y Secuencia'!E27 | B17: ='Calculos y Secuencia'!E28
... A24: ='Calculos y Secuencia'!E34 | B24: ='Calculos y Secuencia'!E35
